province;red;green;blue;x;x
1;205;152;149;PROVNAME;x
2;195;164;159;PROVNAME;x
3;224;142;162;PROVNAME;x
4;125;236;191;PROVNAME;x
5;250;201;198;PROVNAME;x
6;212;194;202;PROVNAME;x
7;173;249;215;PROVNAME;x
8;252;49;229;PROVNAME;x
9;199;235;72;PROVNAME;x
10;246;237;209;PROVNAME;x
11;151;174;250;PROVNAME;x
12;217;190;205;PROVNAME;x
13;229;115;165;PROVNAME;x
14;228;146;190;PROVNAME;x
15;150;182;223;PROVNAME;x
16;190;104;247;PROVNAME;x
17;195;180;173;PROVNAME;x
18;200;145;250;PROVNAME;x
19;164;170;254;PROVNAME;x
20;242;117;245;PROVNAME;x
21;249;245;39;PROVNAME;x
22;252;228;186;PROVNAME;x
23;210;224;174;PROVNAME;x
24;188;146;172;PROVNAME;x
25;220;194;243;PROVNAME;x
26;198;227;209;PROVNAME;x
27;234;104;205;PROVNAME;x
28;217;173;197;PROVNAME;x
29;219;168;212;PROVNAME;x
30;135;222;162;PROVNAME;x
31;232;246;91;PROVNAME;x
32;150;248;120;PROVNAME;x
33;182;220;245;PROVNAME;x
34;124;241;140;PROVNAME;x
35;97;247;245;PROVNAME;x
36;205;172;157;PROVNAME;x
37;196;211;250;PROVNAME;x
38;222;153;195;PROVNAME;x
39;181;251;105;PROVNAME;x
40;185;204;247;PROVNAME;x
41;197;205;235;PROVNAME;x
42;75;247;209;PROVNAME;x
43;244;208;95;PROVNAME;x
44;145;253;216;PROVNAME;x
45;209;141;197;PROVNAME;x
46;231;197;249;PROVNAME;x
47;231;50;234;PROVNAME;x
48;249;212;186;PROVNAME;x
49;113;221;254;PROVNAME;x
50;231;198;198;PROVNAME;x
51;207;254;92;PROVNAME;x
52;191;250;237;PROVNAME;x
53;143;198;162;PROVNAME;x
54;253;176;245;PROVNAME;x
55;244;229;183;PROVNAME;x
56;248;165;208;PROVNAME;x
57;181;115;215;PROVNAME;x
58;251;162;245;PROVNAME;x
59;248;150;221;PROVNAME;x
60;224;180;144;PROVNAME;x
61;192;177;233;PROVNAME;x
62;159;198;215;PROVNAME;x
63;51;239;224;PROVNAME;x
64;236;148;151;PROVNAME;x
65;240;144;196;PROVNAME;x
66;109;203;201;PROVNAME;x
67;218;158;156;PROVNAME;x
68;234;185;159;PROVNAME;x
69;223;216;98;PROVNAME;x
70;254;241;88;PROVNAME;x
71;92;245;230;PROVNAME;x
72;111;185;252;PROVNAME;x
73;178;204;160;PROVNAME;x
74;222;134;208;PROVNAME;x
75;101;254;187;PROVNAME;x
76;213;90;237;PROVNAME;x
77;227;253;237;PROVNAME;x
78;99;200;220;PROVNAME;x
79;250;250;127;PROVNAME;x
80;243;93;251;PROVNAME;x
81;195;152;170;PROVNAME;x
82;199;250;58;PROVNAME;x
83;230;254;153;PROVNAME;x
84;96;253;254;PROVNAME;x
85;173;153;214;PROVNAME;x
86;239;142;126;PROVNAME;x
87;222;88;252;PROVNAME;x
88;231;113;171;PROVNAME;x
89;245;124;196;PROVNAME;x
90;66;240;233;PROVNAME;x
91;165;199;165;PROVNAME;x
92;97;225;247;PROVNAME;x
93;106;252;165;PROVNAME;x
94;166;225;207;PROVNAME;x
95;121;216;241;PROVNAME;x
96;128;176;201;PROVNAME;x
97;205;114;231;PROVNAME;x
98;195;160;180;PROVNAME;x
99;238;211;141;PROVNAME;x
100;226;252;239;PROVNAME;x
101;245;230;168;PROVNAME;x
102;214;214;76;PROVNAME;x
103;173;236;141;PROVNAME;x
104;120;228;217;PROVNAME;x
105;180;130;215;PROVNAME;x
106;76;205;250;PROVNAME;x
107;249;251;143;PROVNAME;x
108;233;194;187;PROVNAME;x
109;92;202;233;PROVNAME;x
110;229;181;94;PROVNAME;x
111;211;200;183;PROVNAME;x
112;185;237;239;PROVNAME;x
113;233;115;163;PROVNAME;x
114;201;195;195;PROVNAME;x
115;85;244;208;PROVNAME;x
116;253;70;192;PROVNAME;x
117;168;126;234;PROVNAME;x
118;156;249;151;PROVNAME;x
119;191;206;150;PROVNAME;x
120;237;150;136;PROVNAME;x
121;224;182;218;PROVNAME;x
122;201;127;188;PROVNAME;x
123;192;225;218;PROVNAME;x
124;113;217;234;PROVNAME;x
125;173;249;92;PROVNAME;x
126;199;240;235;PROVNAME;x
127;114;245;229;PROVNAME;x
128;244;208;177;PROVNAME;x
129;112;249;220;PROVNAME;x
130;215;197;254;PROVNAME;x
131;115;213;247;PROVNAME;x
132;215;149;232;PROVNAME;x
133;171;215;230;PROVNAME;x
134;207;215;196;PROVNAME;x
135;212;242;206;PROVNAME;x
136;28;241;252;PROVNAME;x
137;209;184;206;PROVNAME;x
138;230;147;173;PROVNAME;x
139;254;77;249;PROVNAME;x
140;173;130;243;PROVNAME;x
141;101;222;187;PROVNAME;x
142;248;170;184;PROVNAME;x
143;204;199;231;PROVNAME;x
144;251;232;18;PROVNAME;x
145;195;223;136;PROVNAME;x
146;238;136;180;PROVNAME;x
147;203;165;184;PROVNAME;x
148;58;226;252;PROVNAME;x
149;236;227;126;PROVNAME;x
150;189;214;173;PROVNAME;x
151;77;206;238;PROVNAME;x
152;184;130;238;PROVNAME;x
153;217;185;245;PROVNAME;x
154;167;221;206;PROVNAME;x
155;244;249;29;PROVNAME;x
156;221;109;174;PROVNAME;x
157;142;224;187;PROVNAME;x
158;210;190;183;PROVNAME;x
159;95;159;247;PROVNAME;x
160;86;228;204;PROVNAME;x
161;223;144;151;PROVNAME;x
162;125;251;162;PROVNAME;x
163;235;210;225;PROVNAME;x
164;209;245;208;PROVNAME;x
165;165;250;153;PROVNAME;x
166;223;187;123;PROVNAME;x
167;228;185;229;PROVNAME;x
168;206;136;234;PROVNAME;x
169;130;254;218;PROVNAME;x
170;225;222;212;PROVNAME;x
171;226;209;84;PROVNAME;x
172;247;237;238;PROVNAME;x
173;252;60;239;PROVNAME;x
174;118;211;175;PROVNAME;x
175;158;227;183;PROVNAME;x
176;42;245;238;PROVNAME;x
177;231;249;125;PROVNAME;x
178;231;163;223;PROVNAME;x
179;238;186;112;PROVNAME;x
180;251;149;213;PROVNAME;x
181;183;210;119;PROVNAME;x
182;227;94;222;PROVNAME;x
183;232;136;239;PROVNAME;x
184;209;96;249;PROVNAME;x
185;133;245;254;PROVNAME;x
186;252;227;155;PROVNAME;x
187;252;69;215;PROVNAME;x
188;117;193;211;PROVNAME;x
189;186;197;118;PROVNAME;x
190;185;207;169;PROVNAME;x
191;192;209;120;PROVNAME;x
192;121;205;180;PROVNAME;x
193;177;130;209;PROVNAME;x
194;252;131;174;PROVNAME;x
195;198;182;122;PROVNAME;x
196;184;237;242;PROVNAME;x
197;181;103;228;PROVNAME;x
198;187;145;204;PROVNAME;x
199;151;227;220;PROVNAME;x
200;187;248;147;PROVNAME;x
201;195;245;230;PROVNAME;x
202;246;186;232;PROVNAME;x
203;243;105;203;PROVNAME;x
204;210;139;215;PROVNAME;x
205;242;187;116;PROVNAME;x
206;135;240;248;PROVNAME;x
207;222;186;105;PROVNAME;x
208;188;205;210;PROVNAME;x
209;136;230;154;PROVNAME;x
210;247;249;198;PROVNAME;x
211;174;160;177;PROVNAME;x
212;247;20;237;PROVNAME;x
213;231;237;237;PROVNAME;x
214;171;245;105;PROVNAME;x
215;139;235;171;PROVNAME;x
216;211;220;247;PROVNAME;x
217;237;149;209;PROVNAME;x
218;242;211;95;PROVNAME;x
219;181;203;153;PROVNAME;x
220;219;248;112;PROVNAME;x
221;244;96;241;PROVNAME;x
222;242;125;244;PROVNAME;x
223;248;195;129;PROVNAME;x
224;236;192;205;PROVNAME;x
225;112;161;243;PROVNAME;x
226;145;197;231;PROVNAME;x
227;235;253;228;PROVNAME;x
228;170;218;143;PROVNAME;x
229;161;237;195;PROVNAME;x
230;157;145;238;PROVNAME;x
231;239;242;22;PROVNAME;x
232;62;248;215;PROVNAME;x
233;214;190;102;PROVNAME;x
234;238;166;138;PROVNAME;x
235;253;133;128;PROVNAME;x
236;237;187;102;PROVNAME;x
237;209;187;236;PROVNAME;x
238;144;210;189;PROVNAME;x
239;172;172;228;PROVNAME;x
240;190;227;127;PROVNAME;x
241;187;230;173;PROVNAME;x
242;246;45;225;PROVNAME;x
243;205;167;227;PROVNAME;x
244;111;233;157;PROVNAME;x
245;176;126;216;PROVNAME;x
246;136;198;247;PROVNAME;x
247;127;221;238;PROVNAME;x
248;234;249;51;PROVNAME;x
249;163;129;242;PROVNAME;x
250;187;243;172;PROVNAME;x
251;100;205;197;PROVNAME;x
252;252;239;107;PROVNAME;x
253;208;250;150;PROVNAME;x
254;102;237;221;PROVNAME;x
255;218;182;122;PROVNAME;x
256;70;206;249;PROVNAME;x
257;204;228;125;PROVNAME;x
258;211;135;234;PROVNAME;x
259;235;247;47;PROVNAME;x
260;104;218;219;PROVNAME;x
261;149;203;232;PROVNAME;x
262;253;207;243;PROVNAME;x
263;90;243;231;PROVNAME;x
264;133;244;133;PROVNAME;x
265;115;247;190;PROVNAME;x
266;236;192;158;PROVNAME;x
267;96;218;213;PROVNAME;x
268;217;238;107;PROVNAME;x
269;169;112;252;PROVNAME;x
270;181;173;157;PROVNAME;x
271;193;228;243;PROVNAME;x
272;39;231;238;PROVNAME;x
273;237;176;182;PROVNAME;x
274;195;244;177;PROVNAME;x
275;239;98;210;PROVNAME;x
276;229;209;132;PROVNAME;x
277;163;210;156;PROVNAME;x
278;95;247;164;PROVNAME;x
279;184;216;212;PROVNAME;x
280;249;239;114;PROVNAME;x
281;216;146;216;PROVNAME;x
282;211;238;109;PROVNAME;x
283;211;248;46;PROVNAME;x
284;251;181;110;PROVNAME;x
285;181;204;237;PROVNAME;x
286;212;118;220;PROVNAME;x
287;251;212;185;PROVNAME;x
288;252;214;226;PROVNAME;x
289;178;208;120;PROVNAME;x
290;166;111;245;PROVNAME;x
291;137;155;209;PROVNAME;x
292;223;125;204;PROVNAME;x
293;239;149;115;PROVNAME;x
294;179;161;163;PROVNAME;x
295;179;212;182;PROVNAME;x
296;212;63;235;PROVNAME;x
297;195;241;200;PROVNAME;x
298;249;86;241;PROVNAME;x
299;202;234;181;PROVNAME;x
300;243;215;172;PROVNAME;x
301;234;241;250;PROVNAME;x
302;222;153;152;PROVNAME;x
303;109;171;240;PROVNAME;x
304;197;183;250;PROVNAME;x
305;236;210;105;PROVNAME;x
306;246;143;165;PROVNAME;x
307;241;209;229;PROVNAME;x
308;130;217;211;PROVNAME;x
309;234;49;242;PROVNAME;x
310;116;233;214;PROVNAME;x
311;124;155;236;PROVNAME;x
312;114;171;233;PROVNAME;x
313;120;140;246;PROVNAME;x
314;194;240;82;PROVNAME;x
315;243;153;218;PROVNAME;x
316;192;225;233;PROVNAME;x
317;88;247;221;PROVNAME;x
318;202;143;239;PROVNAME;x
319;212;147;178;PROVNAME;x
320;111;151;252;PROVNAME;x
321;200;220;159;PROVNAME;x
322;103;190;222;PROVNAME;x
323;254;189;187;PROVNAME;x
324;124;247;222;PROVNAME;x
325;94;193;237;PROVNAME;x
326;91;246;191;PROVNAME;x
327;161;164;220;PROVNAME;x
328;242;117;187;PROVNAME;x
329;242;79;249;PROVNAME;x
330;163;195;234;PROVNAME;x
331;174;248;172;PROVNAME;x
332;69;179;253;PROVNAME;x
333;232;171;165;PROVNAME;x
334;130;220;254;PROVNAME;x
335;236;170;136;PROVNAME;x
336;240;216;112;PROVNAME;x
337;41;214;252;PROVNAME;x
338;158;216;194;PROVNAME;x
339;113;206;225;PROVNAME;x
340;227;159;151;PROVNAME;x
341;246;155;234;PROVNAME;x
342;236;68;228;PROVNAME;x
343;147;206;206;PROVNAME;x
344;228;251;248;PROVNAME;x
345;231;112;222;PROVNAME;x
346;134;218;185;PROVNAME;x
347;105;223;239;PROVNAME;x
348;188;252;99;PROVNAME;x
349;247;246;61;PROVNAME;x
350;209;117;192;PROVNAME;x
351;203;142;200;PROVNAME;x
352;111;215;219;PROVNAME;x
353;146;232;170;PROVNAME;x
354;231;219;127;PROVNAME;x
355;134;232;244;PROVNAME;x
356;243;148;174;PROVNAME;x
357;162;187;162;PROVNAME;x
358;203;150;162;PROVNAME;x
359;150;149;202;PROVNAME;x
360;197;160;195;PROVNAME;x
361;104;224;215;PROVNAME;x
362;189;63;249;PROVNAME;x
363;213;50;254;PROVNAME;x
364;209;79;247;PROVNAME;x
365;143;223;143;PROVNAME;x
366;196;109;201;PROVNAME;x
367;164;176;172;PROVNAME;x
368;251;230;94;PROVNAME;x
369;224;183;238;PROVNAME;x
370;195;179;199;PROVNAME;x
371;127;237;204;PROVNAME;x
372;253;213;90;PROVNAME;x
373;201;126;191;PROVNAME;x
374;204;220;181;PROVNAME;x
375;226;112;182;PROVNAME;x
376;117;189;211;PROVNAME;x
377;149;215;231;PROVNAME;x
378;249;247;229;PROVNAME;x
379;227;205;75;PROVNAME;x
380;143;245;226;PROVNAME;x
381;253;103;145;PROVNAME;x
382;146;207;247;PROVNAME;x
383;229;167;236;PROVNAME;x
384;94;170;244;PROVNAME;x
385;129;224;236;PROVNAME;x
386;237;176;214;PROVNAME;x
387;189;209;152;PROVNAME;x
388;228;132;200;PROVNAME;x
389;153;232;190;PROVNAME;x
390;131;217;180;PROVNAME;x
391;218;237;247;PROVNAME;x
392;226;185;147;PROVNAME;x
393;163;202;160;PROVNAME;x
394;199;210;158;PROVNAME;x
395;220;178;237;PROVNAME;x
396;116;218;228;PROVNAME;x
397;248;216;140;PROVNAME;x
398;135;201;205;PROVNAME;x
399;194;229;132;PROVNAME;x
400;118;219;245;PROVNAME;x
401;206;236;204;PROVNAME;x
402;200;237;83;PROVNAME;x
403;192;193;173;PROVNAME;x
404;231;99;234;PROVNAME;x
405;254;18;241;PROVNAME;x
406;238;246;216;PROVNAME;x
407;178;132;248;PROVNAME;x
408;249;222;196;PROVNAME;x
409;208;72;227;PROVNAME;x
410;205;243;242;PROVNAME;x
411;235;248;40;PROVNAME;x
412;209;241;242;PROVNAME;x
413;233;202;161;PROVNAME;x
414;193;117;249;PROVNAME;x
415;165;203;142;PROVNAME;x
416;246;254;203;PROVNAME;x
417;245;239;192;PROVNAME;x
418;246;126;135;PROVNAME;x
419;213;212;172;PROVNAME;x
420;207;157;166;PROVNAME;x
421;224;222;102;PROVNAME;x
422;247;218;127;PROVNAME;x
423;58;224;234;PROVNAME;x
424;93;187;228;PROVNAME;x
425;103;253;186;PROVNAME;x
426;183;97;234;PROVNAME;x
427;249;181;238;PROVNAME;x
428;237;221;73;PROVNAME;x
429;187;155;215;PROVNAME;x
430;254;149;235;PROVNAME;x
431;80;237;243;PROVNAME;x
432;251;78;177;PROVNAME;x
433;153;135;221;PROVNAME;x
434;134;225;170;PROVNAME;x
435;253;213;164;PROVNAME;x
436;157;212;170;PROVNAME;x
437;148;183;186;PROVNAME;x
438;249;233;59;PROVNAME;x
439;243;254;234;PROVNAME;x
440;216;212;224;PROVNAME;x
441;174;92;242;PROVNAME;x
442;236;216;88;PROVNAME;x
443;224;234;176;PROVNAME;x
444;147;250;219;PROVNAME;x
445;222;136;173;PROVNAME;x
446;142;241;168;PROVNAME;x
447;223;253;75;PROVNAME;x
448;195;198;192;PROVNAME;x
449;164;204;218;PROVNAME;x
450;144;231;216;PROVNAME;x
451;65;205;241;PROVNAME;x
452;211;198;187;PROVNAME;x
453;230;163;163;PROVNAME;x
454;15;249;244;PROVNAME;x
455;190;133;202;PROVNAME;x
456;55;229;236;PROVNAME;x
457;191;206;207;PROVNAME;x
458;205;171;194;PROVNAME;x
459;174;233;236;PROVNAME;x
460;118;254;235;PROVNAME;x
461;247;218;116;PROVNAME;x
462;249;184;248;PROVNAME;x
463;134;177;213;PROVNAME;x
464;218;130;186;PROVNAME;x
465;237;225;160;PROVNAME;x
466;164;212;238;PROVNAME;x
467;254;37;251;PROVNAME;x
468;223;221;218;PROVNAME;x
469;214;89;200;PROVNAME;x
470;165;236;195;PROVNAME;x
471;151;234;131;PROVNAME;x
472;194;173;169;PROVNAME;x
473;228;207;152;PROVNAME;x
474;213;220;162;PROVNAME;x
475;121;162;241;PROVNAME;x
476;233;168;253;PROVNAME;x
477;210;200;97;PROVNAME;x
478;127;214;206;PROVNAME;x
479;196;205;170;PROVNAME;x
480;194;170;228;PROVNAME;x
481;218;103;188;PROVNAME;x
482;221;199;124;PROVNAME;x
483;254;198;238;PROVNAME;x
484;237;75;218;PROVNAME;x
485;217;83;210;PROVNAME;x
486;144;233;207;PROVNAME;x
487;215;97;212;PROVNAME;x
488;219;210;112;PROVNAME;x
489;252;184;187;PROVNAME;x
490;146;250;110;PROVNAME;x
491;191;114;205;PROVNAME;x
492;212;230;190;PROVNAME;x
493;185;213;130;PROVNAME;x
494;211;154;152;PROVNAME;x
495;90;251;172;PROVNAME;x
496;190;181;229;PROVNAME;x
497;218;225;177;PROVNAME;x
498;199;241;117;PROVNAME;x
499;230;239;50;PROVNAME;x
500;158;195;155;PROVNAME;x
501;233;148;194;PROVNAME;x
502;229;250;56;PROVNAME;x
503;161;170;229;PROVNAME;x
504;132;127;253;PROVNAME;x
505;202;115;195;PROVNAME;x
506;204;177;144;PROVNAME;x
507;238;215;107;PROVNAME;x
508;253;185;124;PROVNAME;x
509;252;80;201;PROVNAME;x
510;227;179;239;PROVNAME;x
511;147;139;237;PROVNAME;x
512;196;137;252;PROVNAME;x
513;165;222;237;PROVNAME;x
514;94;239;236;PROVNAME;x
515;254;147;196;PROVNAME;x
516;212;245;237;PROVNAME;x
517;245;115;206;PROVNAME;x
518;99;219;194;PROVNAME;x
519;229;239;175;PROVNAME;x
520;190;176;166;PROVNAME;x
521;223;228;161;PROVNAME;x
522;192;239;150;PROVNAME;x
523;186;164;238;PROVNAME;x
524;239;154;155;PROVNAME;x
525;152;200;241;PROVNAME;x
526;208;205;203;PROVNAME;x
527;104;240;251;PROVNAME;x
528;155;219;206;PROVNAME;x
529;166;222;219;PROVNAME;x
530;226;189;89;PROVNAME;x
531;218;203;183;PROVNAME;x
532;168;230;250;PROVNAME;x
533;251;227;48;PROVNAME;x
534;225;181;226;PROVNAME;x
535;145;137;222;PROVNAME;x
536;196;105;228;PROVNAME;x
537;227;203;86;PROVNAME;x
538;242;219;42;PROVNAME;x
539;195;220;188;PROVNAME;x
540;254;209;179;PROVNAME;x
541;179;133;202;PROVNAME;x
542;190;232;108;PROVNAME;x
543;145;210;216;PROVNAME;x
544;221;246;227;PROVNAME;x
545;155;233;133;PROVNAME;x
546;253;111;213;PROVNAME;x
547;66;243;237;PROVNAME;x
548;222;126;180;PROVNAME;x
549;115;233;206;PROVNAME;x
550;149;226;232;PROVNAME;x
551;178;180;190;PROVNAME;x
552;223;124;243;PROVNAME;x
553;249;129;250;PROVNAME;x
554;218;182;155;PROVNAME;x
555;221;134;240;PROVNAME;x
556;182;109;230;PROVNAME;x
557;109;204;251;PROVNAME;x
558;190;143;237;PROVNAME;x
559;191;146;176;PROVNAME;x
560;147;141;227;PROVNAME;x
561;140;251;244;PROVNAME;x
562;62;222;231;PROVNAME;x
563;122;228;151;PROVNAME;x
564;163;224;230;PROVNAME;x
565;251;82;203;PROVNAME;x
566;164;245;251;PROVNAME;x
567;223;206;128;PROVNAME;x
568;226;122;218;PROVNAME;x
569;158;215;195;PROVNAME;x
570;153;234;237;PROVNAME;x
571;203;203;181;PROVNAME;x
572;254;251;92;PROVNAME;x
573;122;195;249;PROVNAME;x
574;193;254;243;PROVNAME;x
575;159;243;145;PROVNAME;x
576;254;193;104;PROVNAME;x
577;237;149;142;PROVNAME;x
578;233;127;205;PROVNAME;x
579;124;252;137;PROVNAME;x
580;241;51;226;PROVNAME;x
581;155;202;202;PROVNAME;x
582;158;190;232;PROVNAME;x
583;251;156;187;PROVNAME;x
584;252;116;137;PROVNAME;x
585;195;154;251;PROVNAME;x
586;220;250;199;PROVNAME;x
587;237;118;228;PROVNAME;x
588;189;253;196;PROVNAME;x
589;236;34;231;PROVNAME;x
590;203;207;111;PROVNAME;x
591;144;199;192;PROVNAME;x
592;138;153;242;PROVNAME;x
593;150;215;223;PROVNAME;x
594;253;147;167;PROVNAME;x
595;152;124;232;PROVNAME;x
596;189;182;240;PROVNAME;x
597;133;214;195;PROVNAME;x
598;225;230;192;PROVNAME;x
599;72;208;249;PROVNAME;x
600;204;253;235;PROVNAME;x
601;236;195;197;PROVNAME;x
602;203;124;254;PROVNAME;x
603;78;205;236;PROVNAME;x
604;187;216;248;PROVNAME;x
605;229;216;112;PROVNAME;x
606;122;193;200;PROVNAME;x
607;202;234;135;PROVNAME;x
608;107;254;230;PROVNAME;x
609;231;149;153;PROVNAME;x
610;121;211;175;PROVNAME;x
611;136;217;183;PROVNAME;x
612;229;235;178;PROVNAME;x
613;193;230;124;PROVNAME;x
614;115;172;219;PROVNAME;x
615;175;212;197;PROVNAME;x
616;145;236;203;PROVNAME;x
617;171;160;239;PROVNAME;x
618;228;180;247;PROVNAME;x
619;212;106;229;PROVNAME;x
620;194;186;240;PROVNAME;x
621;212;210;101;PROVNAME;x
622;103;241;208;PROVNAME;x
623;220;219;229;PROVNAME;x
624;218;196;126;PROVNAME;x
625;80;219;254;PROVNAME;x
626;203;148;233;PROVNAME;x
627;183;161;216;PROVNAME;x
628;171;189;188;PROVNAME;x
629;149;186;240;PROVNAME;x
630;191;193;144;PROVNAME;x
631;169;163;177;PROVNAME;x
632;149;143;238;PROVNAME;x
633;186;249;127;PROVNAME;x
634;192;231;84;PROVNAME;x
635;220;216;227;PROVNAME;x
636;48;223;246;PROVNAME;x
637;243;22;239;PROVNAME;x
638;127;236;252;PROVNAME;x
639;221;183;219;PROVNAME;x
640;202;223;87;PROVNAME;x
641;173;229;213;PROVNAME;x
642;252;205;248;PROVNAME;x
643;192;95;223;PROVNAME;x
644;44;229;237;PROVNAME;x
645;151;188;169;PROVNAME;x
646;88;246;228;PROVNAME;x
647;247;75;242;PROVNAME;x
648;235;248;211;PROVNAME;x
649;238;173;230;PROVNAME;x
650;230;195;102;PROVNAME;x
651;147;225;220;PROVNAME;x
652;244;180;102;PROVNAME;x
653;237;236;236;PROVNAME;x
654;197;214;237;PROVNAME;x
655;59;251;233;PROVNAME;x
656;147;219;250;PROVNAME;x
657;202;193;249;PROVNAME;x
658;130;204;241;PROVNAME;x
659;109;207;210;PROVNAME;x
660;234;246;126;PROVNAME;x
661;230;234;222;PROVNAME;x
662;233;124;224;PROVNAME;x
663;218;238;245;PROVNAME;x
664;251;80;225;PROVNAME;x
665;246;223;208;PROVNAME;x
666;211;251;40;PROVNAME;x
667;90;227;233;PROVNAME;x
668;144;181;210;PROVNAME;x
669;237;217;250;PROVNAME;x
670;202;159;241;PROVNAME;x
671;188;174;213;PROVNAME;x
672;227;116;229;PROVNAME;x
673;55;205;252;PROVNAME;x
674;250;139;192;PROVNAME;x
675;168;217;127;PROVNAME;x
676;225;254;112;PROVNAME;x
677;199;105;217;PROVNAME;x
678;73;219;232;PROVNAME;x
679;220;170;237;PROVNAME;x
680;99;230;212;PROVNAME;x
681;173;121;239;PROVNAME;x
682;229;125;158;PROVNAME;x
683;212;211;184;PROVNAME;x
684;212;198;231;PROVNAME;x
685;218;205;95;PROVNAME;x
686;140;220;230;PROVNAME;x
687;52;221;249;PROVNAME;x
688;210;157;248;PROVNAME;x
689;248;217;174;PROVNAME;x
690;212;220;175;PROVNAME;x
691;126;145;230;PROVNAME;x
692;178;185;220;PROVNAME;x
693;248;176;162;PROVNAME;x
694;180;185;168;PROVNAME;x
695;253;90;240;PROVNAME;x
696;184;229;230;PROVNAME;x
697;164;212;171;PROVNAME;x
698;228;240;249;PROVNAME;x
699;230;251;175;PROVNAME;x
700;203;235;175;PROVNAME;x
701;236;205;213;PROVNAME;x
702;222;147;188;PROVNAME;x
703;240;122;197;PROVNAME;x
704;143;254;161;PROVNAME;x
705;247;230;103;PROVNAME;x
706;170;99;242;PROVNAME;x
707;219;173;233;PROVNAME;x
708;117;221;241;PROVNAME;x
709;227;250;203;PROVNAME;x
710;177;204;203;PROVNAME;x
711;193;230;126;PROVNAME;x
712;161;124;222;PROVNAME;x
713;250;133;173;PROVNAME;x
714;118;224;167;PROVNAME;x
715;243;67;193;PROVNAME;x
716;209;207;248;PROVNAME;x
717;87;229;227;PROVNAME;x
718;90;217;200;PROVNAME;x
719;252;199;87;PROVNAME;x
720;194;146;191;PROVNAME;x
721;239;136;191;PROVNAME;x
722;112;190;211;PROVNAME;x
723;110;254;247;PROVNAME;x
724;215;191;165;PROVNAME;x
725;175;237;175;PROVNAME;x
726;224;212;73;PROVNAME;x
727;200;230;79;PROVNAME;x
728;198;229;233;PROVNAME;x
729;178;228;202;PROVNAME;x
730;87;240;193;PROVNAME;x
731;197;111;200;PROVNAME;x
732;241;191;187;PROVNAME;x
733;239;170;110;PROVNAME;x
734;145;222;220;PROVNAME;x
735;235;181;160;PROVNAME;x
736;197;196;207;PROVNAME;x
737;184;151;231;PROVNAME;x
738;87;230;184;PROVNAME;x
739;202;136;225;PROVNAME;x
740;112;178;222;PROVNAME;x
741;183;120;225;PROVNAME;x
742;177;253;139;PROVNAME;x
743;194;166;184;PROVNAME;x
744;236;86;225;PROVNAME;x
745;234;204;213;PROVNAME;x
746;192;207;203;PROVNAME;x
747;243;106;154;PROVNAME;x
748;217;177;198;PROVNAME;x
749;252;223;195;PROVNAME;x
750;182;99;232;PROVNAME;x
751;186;209;128;PROVNAME;x
752;186;249;222;PROVNAME;x
753;252;118;179;PROVNAME;x
754;152;236;113;PROVNAME;x
755;174;228;229;PROVNAME;x
756;151;244;194;PROVNAME;x
757;239;244;119;PROVNAME;x
758;220;242;204;PROVNAME;x
759;222;177;232;PROVNAME;x
760;224;115;254;PROVNAME;x
761;150;217;176;PROVNAME;x
762;183;201;219;PROVNAME;x
763;242;173;195;PROVNAME;x
764;168;156;196;PROVNAME;x
765;152;128;232;PROVNAME;x
766;99;244;242;PROVNAME;x
767;233;181;106;PROVNAME;x
768;9;251;246;PROVNAME;x
769;150;203;247;PROVNAME;x
770;99;209;240;PROVNAME;x
771;30;246;229;PROVNAME;x
772;124;224;191;PROVNAME;x
773;188;121;251;PROVNAME;x
774;253;215;197;PROVNAME;x
775;61;238;252;PROVNAME;x
776;159;237;149;PROVNAME;x
777;241;220;56;PROVNAME;x
778;243;200;236;PROVNAME;x
779;214;217;165;PROVNAME;x
780;186;224;219;PROVNAME;x
781;128;239;172;PROVNAME;x
782;195;237;123;PROVNAME;x
783;83;211;250;PROVNAME;x
784;67;213;223;PROVNAME;x
785;70;245;213;PROVNAME;x
786;231;238;76;PROVNAME;x
787;218;239;208;PROVNAME;x
788;233;217;218;PROVNAME;x
789;188;119;201;PROVNAME;x
790;149;215;153;PROVNAME;x
791;201;221;226;PROVNAME;x
792;101;209;239;PROVNAME;x
793;225;180;162;PROVNAME;x
794;178;233;171;PROVNAME;x
795;218;192;231;PROVNAME;x
796;240;144;247;PROVNAME;x
797;224;232;210;PROVNAME;x
798;185;205;207;PROVNAME;x
799;109;158;254;PROVNAME;x
800;241;171;184;PROVNAME;x
801;94;230;248;PROVNAME;x
802;212;213;148;PROVNAME;x
803;191;166;163;PROVNAME;x
804;235;166;146;PROVNAME;x
805;249;232;107;PROVNAME;x
806;127;222;235;PROVNAME;x
807;242;172;249;PROVNAME;x
808;225;143;139;PROVNAME;x
809;241;153;126;PROVNAME;x
810;187;205;144;PROVNAME;x
811;193;205;223;PROVNAME;x
812;202;247;61;PROVNAME;x
813;149;249;160;PROVNAME;x
814;253;200;235;PROVNAME;x
815;254;78;185;PROVNAME;x
816;129;229;164;PROVNAME;x
817;243;201;96;PROVNAME;x
818;150;232;200;PROVNAME;x
819;223;254;56;PROVNAME;x
820;153;211;219;PROVNAME;x
821;214;204;130;PROVNAME;x
822;168;221;243;PROVNAME;x
823;246;101;246;PROVNAME;x
824;173;217;185;PROVNAME;x
825;95;206;207;PROVNAME;x
826;240;169;213;PROVNAME;x
827;201;201;177;PROVNAME;x
828;238;112;154;PROVNAME;x
829;58;197;250;PROVNAME;x
830;212;165;233;PROVNAME;x
831;246;243;168;PROVNAME;x
832;57;217;232;PROVNAME;x
833;241;125;221;PROVNAME;x
834;245;192;87;PROVNAME;x
835;77;231;224;PROVNAME;x
836;233;147;143;PROVNAME;x
837;156;194;251;PROVNAME;x
838;247;82;245;PROVNAME;x
839;214;238;181;PROVNAME;x
840;163;193;147;PROVNAME;x
841;242;98;220;PROVNAME;x
842;176;233;144;PROVNAME;x
843;230;80;204;PROVNAME;x
844;41;243;229;PROVNAME;x
845;250;213;211;PROVNAME;x
846;107;227;249;PROVNAME;x
847;126;175;218;PROVNAME;x
848;72;212;252;PROVNAME;x
849;147;132;243;PROVNAME;x
850;244;151;139;PROVNAME;x
851;216;165;192;PROVNAME;x
852;109;227;180;PROVNAME;x
853;206;98;237;PROVNAME;x
854;236;208;74;PROVNAME;x
855;198;231;228;PROVNAME;x
856;195;253;96;PROVNAME;x
857;143;246;142;PROVNAME;x
858;253;132;118;PROVNAME;x
859;137;243;222;PROVNAME;x
860;200;215;88;PROVNAME;x
861;159;148;237;PROVNAME;x
862;201;236;86;PROVNAME;x
863;172;187;182;PROVNAME;x
864;133;228;193;PROVNAME;x
865;254;230;217;PROVNAME;x
866;243;237;145;PROVNAME;x
867;251;236;40;PROVNAME;x
868;216;83;211;PROVNAME;x
869;226;215;172;PROVNAME;x
870;243;221;107;PROVNAME;x
871;156;241;154;PROVNAME;x
872;244;240;231;PROVNAME;x
873;253;112;137;PROVNAME;x
874;218;235;137;PROVNAME;x
875;240;251;189;PROVNAME;x
876;221;253;176;PROVNAME;x
877;170;197;217;PROVNAME;x
878;127;151;250;PROVNAME;x
879;208;250;79;PROVNAME;x
880;191;153;181;PROVNAME;x
881;87;217;252;PROVNAME;x
882;169;172;178;PROVNAME;x
883;189;234;164;PROVNAME;x
884;218;157;129;PROVNAME;x
885;253;11;251;PROVNAME;x
886;225;136;169;PROVNAME;x
887;202;195;171;PROVNAME;x
888;179;195;167;PROVNAME;x
889;241;216;145;PROVNAME;x
890;127;216;242;PROVNAME;x
891;136;250;182;PROVNAME;x
892;189;157;183;PROVNAME;x
893;201;225;96;PROVNAME;x
894;226;250;105;PROVNAME;x
895;113;173;233;PROVNAME;x
896;218;160;125;PROVNAME;x
897;211;161;167;PROVNAME;x
898;186;217;178;PROVNAME;x
899;250;57;208;PROVNAME;x
900;81;249;187;PROVNAME;x
901;78;228;202;PROVNAME;x
902;218;177;142;PROVNAME;x
903;220;213;185;PROVNAME;x
904;183;242;87;PROVNAME;x
905;103;236;175;PROVNAME;x
906;57;233;236;PROVNAME;x
907;248;201;54;PROVNAME;x
908;246;224;252;PROVNAME;x
909;250;81;225;PROVNAME;x
910;57;234;252;PROVNAME;x
911;184;159;192;PROVNAME;x
912;221;176;225;PROVNAME;x
913;206;227;192;PROVNAME;x
914;85;242;250;PROVNAME;x
915;222;105;213;PROVNAME;x
916;88;233;196;PROVNAME;x
917;184;252;121;PROVNAME;x
918;197;177;139;PROVNAME;x
919;235;222;251;PROVNAME;x
920;111;217;206;PROVNAME;x
921;190;183;190;PROVNAME;x
922;122;214;216;PROVNAME;x
923;249;223;227;PROVNAME;x
924;247;131;207;PROVNAME;x
925;184;110;207;PROVNAME;x
926;229;222;216;PROVNAME;x
927;185;225;220;PROVNAME;x
928;191;253;172;PROVNAME;x
929;221;195;156;PROVNAME;x
930;242;229;241;PROVNAME;x
931;245;31;243;PROVNAME;x
932;240;217;179;PROVNAME;x
933;244;219;75;PROVNAME;x
934;133;163;235;PROVNAME;x
935;211;127;183;PROVNAME;x
936;202;155;213;PROVNAME;x
937;217;210;235;PROVNAME;x
938;159;221;249;PROVNAME;x
939;81;184;240;PROVNAME;x
940;210;125;240;PROVNAME;x
941;108;230;200;PROVNAME;x
942;237;95;209;PROVNAME;x
943;147;186;234;PROVNAME;x
944;249;237;105;PROVNAME;x
945;203;194;171;PROVNAME;x
946;250;233;190;PROVNAME;x
947;180;123;251;PROVNAME;x
948;187;176;220;PROVNAME;x
949;207;217;118;PROVNAME;x
950;205;151;187;PROVNAME;x
951;228;218;140;PROVNAME;x
952;161;205;242;PROVNAME;x
953;202;133;174;PROVNAME;x
954;208;79;225;PROVNAME;x
955;183;222;141;PROVNAME;x
956;248;102;206;PROVNAME;x
957;121;166;242;PROVNAME;x
958;208;216;148;PROVNAME;x
959;156;164;188;PROVNAME;x
960;204;94;227;PROVNAME;x
961;216;119;213;PROVNAME;x
962;243;147;188;PROVNAME;x
963;165;234;157;PROVNAME;x
964;242;249;107;PROVNAME;x
965;206;65;237;PROVNAME;x
966;219;219;166;PROVNAME;x
967;127;184;254;PROVNAME;x
968;247;251;114;PROVNAME;x
969;164;120;252;PROVNAME;x
970;101;249;151;PROVNAME;x
971;254;219;208;PROVNAME;x
972;87;181;235;PROVNAME;x
973;197;186;211;PROVNAME;x
974;209;249;150;PROVNAME;x
975;192;200;139;PROVNAME;x
976;250;154;228;PROVNAME;x
977;197;103;202;PROVNAME;x
978;212;235;78;PROVNAME;x
979;76;182;250;PROVNAME;x
980;210;123;197;PROVNAME;x
981;109;239;219;PROVNAME;x
982;111;231;245;PROVNAME;x
983;226;167;156;PROVNAME;x
984;230;247;147;PROVNAME;x
985;216;168;164;PROVNAME;x
986;250;150;162;PROVNAME;x
987;240;196;240;PROVNAME;x
988;193;244;154;PROVNAME;x
989;238;92;247;PROVNAME;x
990;246;212;189;PROVNAME;x
991;247;226;34;PROVNAME;x
992;84;227;203;PROVNAME;x
993;142;210;223;PROVNAME;x
994;217;198;89;PROVNAME;x
995;232;204;98;PROVNAME;x
996;188;239;139;PROVNAME;x
997;127;206;207;PROVNAME;x
998;171;252;156;PROVNAME;x
999;185;182;147;PROVNAME;x
1000;251;73;197;PROVNAME;x
1001;236;47;242;PROVNAME;x
1002;106;235;250;PROVNAME;x
1003;247;53;247;PROVNAME;x
1004;218;231;195;PROVNAME;x
1005;84;238;205;PROVNAME;x
1006;166;243;216;PROVNAME;x
1007;240;180;250;PROVNAME;x
1008;231;231;142;PROVNAME;x
1009;156;213;176;PROVNAME;x
1010;111;224;244;PROVNAME;x
1011;206;235;182;PROVNAME;x
1012;204;180;118;PROVNAME;x
1013;92;215;207;PROVNAME;x
1014;231;202;173;PROVNAME;x
1015;189;194;147;PROVNAME;x
1016;212;250;85;PROVNAME;x
1017;183;132;249;PROVNAME;x
1018;242;205;76;PROVNAME;x
1019;243;183;110;PROVNAME;x
1020;204;198;133;PROVNAME;x
1021;161;125;251;PROVNAME;x
1022;200;195;155;PROVNAME;x
1023;239;204;124;PROVNAME;x
1024;61;254;232;PROVNAME;x
1025;98;253;169;PROVNAME;x
1026;253;251;171;PROVNAME;x
1027;246;148;183;PROVNAME;x
1028;200;215;151;PROVNAME;x
1029;214;176;241;PROVNAME;x
1030;129;215;159;PROVNAME;x
1031;217;233;90;PROVNAME;x
1032;211;176;198;PROVNAME;x
1033;239;65;217;PROVNAME;x
1034;147;165;215;PROVNAME;x
1035;237;232;79;PROVNAME;x
1036;173;191;186;PROVNAME;x
1037;97;217;188;PROVNAME;x
1038;155;247;187;PROVNAME;x
1039;215;209;251;PROVNAME;x
1040;189;224;122;PROVNAME;x
1041;66;201;234;PROVNAME;x
1042;173;199;189;PROVNAME;x
1043;167;254;248;PROVNAME;x
1044;222;156;134;PROVNAME;x
1045;164;248;156;PROVNAME;x
1046;186;241;139;PROVNAME;x
1047;137;157;233;PROVNAME;x
1048;221;144;229;PROVNAME;x
1049;132;239;238;PROVNAME;x
1050;158;244;254;PROVNAME;x
1051;244;244;48;PROVNAME;x
1052;216;248;248;PROVNAME;x
1053;238;232;121;PROVNAME;x
1054;214;170;219;PROVNAME;x
1055;243;186;175;PROVNAME;x
1056;160;220;155;PROVNAME;x
1057;182;150;175;PROVNAME;x
1058;230;178;151;PROVNAME;x
1059;93;203;246;PROVNAME;x
1060;242;227;216;PROVNAME;x
1061;230;198;238;PROVNAME;x
1062;235;184;113;PROVNAME;x
1063;163;234;223;PROVNAME;x
1064;226;205;145;PROVNAME;x
1065;219;199;239;PROVNAME;x
1066;212;206;227;PROVNAME;x
1067;242;127;193;PROVNAME;x
1068;191;218;232;PROVNAME;x
1069;241;232;198;PROVNAME;x
1070;209;56;250;PROVNAME;x
1071;219;191;98;PROVNAME;x
1072;232;191;140;PROVNAME;x
1073;207;233;223;PROVNAME;x
1074;176;254;170;PROVNAME;x
1075;121;201;180;PROVNAME;x
1076;184;224;105;PROVNAME;x
1077;234;227;236;PROVNAME;x
1078;155;211;164;PROVNAME;x
1079;170;203;176;PROVNAME;x
1080;186;232;239;PROVNAME;x
1081;240;220;49;PROVNAME;x
1082;252;254;113;PROVNAME;x
1083;250;215;238;PROVNAME;x
1084;189;193;216;PROVNAME;x
1085;175;106;227;PROVNAME;x
1086;253;179;212;PROVNAME;x
1087;233;131;250;PROVNAME;x
1088;237;141;209;PROVNAME;x
1089;228;219;181;PROVNAME;x
1090;203;159;181;PROVNAME;x
1091;218;172;223;PROVNAME;x
1092;168;238;211;PROVNAME;x
1093;141;175;211;PROVNAME;x
1094;234;224;155;PROVNAME;x
1095;231;195;149;PROVNAME;x
1096;253;186;196;PROVNAME;x
1097;175;239;105;PROVNAME;x
1098;233;249;139;PROVNAME;x
1099;251;56;205;PROVNAME;x
1100;177;142;248;PROVNAME;x
1101;125;183;216;PROVNAME;x
1102;145;253;131;PROVNAME;x
1103;73;200;248;PROVNAME;x
1104;214;159;202;PROVNAME;x
1105;143;232;179;PROVNAME;x
1106;215;248;215;PROVNAME;x
1107;193;246;83;PROVNAME;x
1108;174;199;155;PROVNAME;x
1109;154;241;142;PROVNAME;x
1110;199;119;190;PROVNAME;x
1111;232;204;79;PROVNAME;x
1112;148;246;151;PROVNAME;x
1113;233;220;205;PROVNAME;x
1114;215;220;100;PROVNAME;x
1115;192;228;124;PROVNAME;x
1116;220;239;223;PROVNAME;x
1117;189;173;169;PROVNAME;x
1118;239;254;54;PROVNAME;x
1119;143;242;149;PROVNAME;x
1120;160;133;249;PROVNAME;x
1121;160;222;223;PROVNAME;x
1122;169;253;87;PROVNAME;x
1123;231;153;153;PROVNAME;x
1124;189;220;184;PROVNAME;x
1125;201;235;241;PROVNAME;x
1126;130;203;208;PROVNAME;x
1127;222;214;154;PROVNAME;x
1128;221;236;184;PROVNAME;x
1129;240;251;128;PROVNAME;x
1130;245;244;93;PROVNAME;x
1131;208;114;185;PROVNAME;x
1132;238;206;187;PROVNAME;x
1133;228;98;220;PROVNAME;x
1134;158;136;219;PROVNAME;x
1135;192;217;105;PROVNAME;x
1136;209;198;96;PROVNAME;x
1137;223;253;58;PROVNAME;x
1138;208;216;93;PROVNAME;x
1139;132;208;186;PROVNAME;x
1140;200;164;248;PROVNAME;x
1141;187;254;168;PROVNAME;x
1142;173;144;229;PROVNAME;x
1143;98;217;221;PROVNAME;x
1144;254;174;85;PROVNAME;x
1145;117;227;193;PROVNAME;x
1146;238;146;193;PROVNAME;x
1147;113;146;242;PROVNAME;x
1148;239;162;232;PROVNAME;x
1149;215;78;238;PROVNAME;x
1150;212;198;128;PROVNAME;x
1151;239;241;239;PROVNAME;x
1152;120;207;176;PROVNAME;x
1153;151;254;229;PROVNAME;x
1154;149;242;206;PROVNAME;x
1155;231;42;245;PROVNAME;x
1156;171;174;233;PROVNAME;x
1157;216;160;129;PROVNAME;x
1158;203;218;139;PROVNAME;x
1159;133;189;210;PROVNAME;x
1160;113;236;158;PROVNAME;x
1161;129;180;244;PROVNAME;x
1162;254;52;238;PROVNAME;x
1163;34;229;240;PROVNAME;x
1164;103;201;236;PROVNAME;x
1165;195;211;239;PROVNAME;x
1166;118;180;220;PROVNAME;x
1167;250;238;244;PROVNAME;x
1168;231;200;186;PROVNAME;x
1169;225;246;159;PROVNAME;x
1170;236;142;192;PROVNAME;x
1171;131;216;233;PROVNAME;x
1172;169;146;197;PROVNAME;x
1173;230;197;150;PROVNAME;x
1174;236;143;197;PROVNAME;x
1175;207;52;248;PROVNAME;x
1176;213;170;229;PROVNAME;x
1177;240;249;68;PROVNAME;x
1178;174;226;189;PROVNAME;x
1179;204;219;169;PROVNAME;x
1180;242;160;204;PROVNAME;x
1181;205;214;194;PROVNAME;x
1182;205;239;239;PROVNAME;x
1183;43;247;222;PROVNAME;x
1184;174;253;131;PROVNAME;x
1185;197;232;111;PROVNAME;x
1186;211;213;139;PROVNAME;x
1187;252;211;228;PROVNAME;x
1188;205;190;177;PROVNAME;x
1189;53;232;228;PROVNAME;x
1190;177;177;199;PROVNAME;x
1191;152;176;175;PROVNAME;x
1192;197;239;71;PROVNAME;x
1193;231;252;234;PROVNAME;x
1194;105;211;199;PROVNAME;x
1195;245;144;193;PROVNAME;x
1196;81;234;196;PROVNAME;x
1197;249;199;237;PROVNAME;x
1198;199;247;243;PROVNAME;x
1199;92;181;240;PROVNAME;x
1200;178;122;201;PROVNAME;x
1201;167;156;216;PROVNAME;x
1202;247;27;233;PROVNAME;x
1203;218;203;207;PROVNAME;x
1204;36;232;233;PROVNAME;x
1205;161;244;205;PROVNAME;x
1206;237;252;232;PROVNAME;x
1207;230;177;114;PROVNAME;x
1208;229;214;164;PROVNAME;x
1209;239;202;62;PROVNAME;x
1210;223;98;237;PROVNAME;x
1211;234;233;43;PROVNAME;x
1212;209;96;202;PROVNAME;x
1213;233;136;140;PROVNAME;x
1214;198;148;155;PROVNAME;x
1215;161;162;241;PROVNAME;x
1216;174;174;210;PROVNAME;x
1217;87;236;254;PROVNAME;x
1218;235;139;164;PROVNAME;x
1219;241;161;111;PROVNAME;x
1220;201;241;241;PROVNAME;x
1221;181;228;172;PROVNAME;x
1222;189;237;160;PROVNAME;x
1223;181;136;237;PROVNAME;x
1224;168;239;225;PROVNAME;x
1225;126;247;170;PROVNAME;x
1226;190;197;233;PROVNAME;x
1227;135;176;212;PROVNAME;x
1228;158;247;107;PROVNAME;x
1229;175;187;214;PROVNAME;x
1230;190;165;186;PROVNAME;x
1231;87;251;245;PROVNAME;x
1232;133;233;245;PROVNAME;x
1233;184;193;254;PROVNAME;x
1234;245;160;163;PROVNAME;x
1235;128;251;203;PROVNAME;x
1236;202;176;123;PROVNAME;x
1237;191;162;203;PROVNAME;x
1238;176;220;217;PROVNAME;x
1239;218;189;169;PROVNAME;x
1240;191;222;242;PROVNAME;x
1241;98;240;253;PROVNAME;x
1242;235;222;237;PROVNAME;x
1243;186;250;113;PROVNAME;x
1244;205;236;181;PROVNAME;x
1245;241;84;240;PROVNAME;x
1246;225;205;226;PROVNAME;x
1247;242;90;197;PROVNAME;x
1248;160;253;140;PROVNAME;x
1249;65;246;245;PROVNAME;x
1250;232;224;110;PROVNAME;x
1251;239;153;145;PROVNAME;x
1252;199;108;240;PROVNAME;x
1253;253;169;152;PROVNAME;x
1254;144;248;176;PROVNAME;x
1255;215;241;209;PROVNAME;x
1256;173;135;202;PROVNAME;x
1257;160;181;207;PROVNAME;x
1258;238;77;222;PROVNAME;x
1259;213;241;171;PROVNAME;x
1260;173;203;146;PROVNAME;x
1261;163;208;215;PROVNAME;x
1262;195;158;173;PROVNAME;x
1263;220;247;230;PROVNAME;x
1264;240;90;243;PROVNAME;x
1265;210;187;195;PROVNAME;x
1266;159;125;220;PROVNAME;x
1267;166;161;225;PROVNAME;x
1268;220;194;251;PROVNAME;x
1269;86;218;251;PROVNAME;x
1270;204;86;222;PROVNAME;x
1271;170;134;210;PROVNAME;x
1272;154;211;208;PROVNAME;x
1273;121;202;229;PROVNAME;x
1274;190;132;217;PROVNAME;x
1275;158;171;213;PROVNAME;x
1276;216;100;215;PROVNAME;x
1277;193;204;209;PROVNAME;x
1278;106;195;231;PROVNAME;x
1279;204;184;136;PROVNAME;x
1280;206;191;114;PROVNAME;x
1281;173;217;138;PROVNAME;x
1282;245;128;140;PROVNAME;x
1283;211;77;248;PROVNAME;x
1284;232;150;150;PROVNAME;x
1285;254;225;154;PROVNAME;x
1286;182;194;197;PROVNAME;x
1287;173;213;174;PROVNAME;x
1288;206;210;146;PROVNAME;x
1289;49;254;228;PROVNAME;x
1290;151;233;207;PROVNAME;x
1291;200;93;222;PROVNAME;x
1292;200;227;238;PROVNAME;x
1293;248;253;216;PROVNAME;x
1294;179;159;217;PROVNAME;x
1295;195;222;86;PROVNAME;x
1296;190;132;200;PROVNAME;x
1297;144;175;250;PROVNAME;x
1298;110;246;173;PROVNAME;x
1299;178;159;192;PROVNAME;x
1300;236;226;230;PROVNAME;x
1301;247;203;197;PROVNAME;x
1302;166;146;194;PROVNAME;x
1303;190;77;254;PROVNAME;x
1304;214;239;82;PROVNAME;x
1305;114;227;224;PROVNAME;x
1306;215;109;221;PROVNAME;x
1307;107;231;239;PROVNAME;x
1308;195;245;90;PROVNAME;x
1309;228;216;166;PROVNAME;x
1310;175;150;216;PROVNAME;x
1311;240;246;122;PROVNAME;x
1312;35;254;235;PROVNAME;x
1313;247;106;175;PROVNAME;x
1314;159;220;193;PROVNAME;x
1315;230;149;159;PROVNAME;x
1316;182;159;246;PROVNAME;x
1317;167;231;180;PROVNAME;x
1318;195;208;201;PROVNAME;x
1319;147;140;234;PROVNAME;x
1320;116;251;179;PROVNAME;x
1321;164;242;199;PROVNAME;x
1322;84;236;246;PROVNAME;x
1323;193;218;220;PROVNAME;x
1324;156;253;105;PROVNAME;x
1325;167;186;174;PROVNAME;x
1326;128;190;246;PROVNAME;x
1327;220;191;143;PROVNAME;x
1328;96;227;240;PROVNAME;x
1329;233;59;251;PROVNAME;x
1330;225;98;228;PROVNAME;x
1331;178;131;215;PROVNAME;x
1332;220;166;245;PROVNAME;x
1333;226;170;132;PROVNAME;x
1334;221;236;156;PROVNAME;x
1335;216;238;223;PROVNAME;x
1336;169;126;232;PROVNAME;x
1337;162;144;213;PROVNAME;x
1338;235;149;164;PROVNAME;x
1339;205;220;223;PROVNAME;x
1340;170;176;161;PROVNAME;x
1341;189;232;184;PROVNAME;x
1342;217;97;209;PROVNAME;x
1343;241;226;50;PROVNAME;x
1344;152;251;198;PROVNAME;x
1345;188;184;143;PROVNAME;x
1346;204;249;57;PROVNAME;x
1347;205;125;189;PROVNAME;x
1348;102;236;197;PROVNAME;x
1349;81;247;213;PROVNAME;x
1350;221;118;242;PROVNAME;x
1351;236;135;226;PROVNAME;x
1352;182;202;238;PROVNAME;x
1353;54;228;235;PROVNAME;x
1354;76;215;247;PROVNAME;x
1355;200;175;225;PROVNAME;x
1356;198;223;252;PROVNAME;x
1357;184;196;236;PROVNAME;x
1358;139;164;229;PROVNAME;x
1359;229;116;190;PROVNAME;x
1360;87;223;219;PROVNAME;x
1361;197;140;218;PROVNAME;x
1362;204;239;71;PROVNAME;x
1363;206;130;252;PROVNAME;x
1364;250;233;182;PROVNAME;x
1365;207;245;134;PROVNAME;x
1366;230;108;233;PROVNAME;x
1367;251;220;72;PROVNAME;x
1368;189;217;138;PROVNAME;x
1369;196;224;137;PROVNAME;x
1370;211;219;135;PROVNAME;x
1371;72;249;198;PROVNAME;x
1372;108;242;191;PROVNAME;x
1373;108;229;248;PROVNAME;x
1374;225;222;215;PROVNAME;x
1375;177;176;240;PROVNAME;x
1376;209;251;217;PROVNAME;x
1377;253;250;57;PROVNAME;x
1378;225;117;232;PROVNAME;x
1379;201;233;222;PROVNAME;x
1380;66;209;233;PROVNAME;x
1381;251;66;211;PROVNAME;x
1382;94;251;188;PROVNAME;x
1383;249;234;179;PROVNAME;x
1384;138;217;173;PROVNAME;x
1385;247;173;105;PROVNAME;x
1386;251;226;121;PROVNAME;x
1387;143;238;216;PROVNAME;x
1388;218;220;226;PROVNAME;x
1389;187;247;116;PROVNAME;x
1390;214;248;187;PROVNAME;x
1391;142;251;164;PROVNAME;x
1392;208;152;170;PROVNAME;x
1393;244;179;198;PROVNAME;x
1394;248;252;247;PROVNAME;x
1395;182;211;252;PROVNAME;x
1396;217;124;235;PROVNAME;x
1397;91;181;234;PROVNAME;x
1398;230;71;217;PROVNAME;x
1399;172;225;239;PROVNAME;x
1400;163;106;234;PROVNAME;x
1401;196;126;226;PROVNAME;x
1402;241;238;122;PROVNAME;x
1403;216;156;151;PROVNAME;x
1404;166;240;231;PROVNAME;x
1405;79;192;248;PROVNAME;x
1406;236;125;167;PROVNAME;x
1407;146;221;220;PROVNAME;x
1408;168;138;196;PROVNAME;x
1409;229;177;206;PROVNAME;x
1410;248;45;243;PROVNAME;x
1411;241;81;214;PROVNAME;x
1412;195;156;247;PROVNAME;x
1413;216;125;249;PROVNAME;x
1414;182;176;253;PROVNAME;x
1415;222;139;152;PROVNAME;x
1416;214;186;246;PROVNAME;x
1417;254;112;144;PROVNAME;x
1418;209;225;229;PROVNAME;x
1419;201;201;208;PROVNAME;x
1420;249;238;50;PROVNAME;x
1421;190;228;118;PROVNAME;x
1422;81;238;242;PROVNAME;x
1423;164;145;251;PROVNAME;x
1424;172;101;229;PROVNAME;x
1425;153;240;168;PROVNAME;x
1426;183;239;108;PROVNAME;x
1427;254;176;216;PROVNAME;x
1428;218;192;153;PROVNAME;x
1429;201;109;213;PROVNAME;x
1430;233;152;201;PROVNAME;x
1431;213;118;208;PROVNAME;x
1432;238;200;180;PROVNAME;x
1433;197;242;91;PROVNAME;x
1434;152;204;216;PROVNAME;x
1435;235;205;121;PROVNAME;x
1436;253;228;39;PROVNAME;x
1437;248;158;222;PROVNAME;x
1438;113;234;237;PROVNAME;x
1439;247;152;153;PROVNAME;x
1440;250;250;155;PROVNAME;x
1441;173;126;238;PROVNAME;x
1442;197;250;242;PROVNAME;x
1443;222;240;170;PROVNAME;x
1444;253;203;209;PROVNAME;x
1445;245;244;32;PROVNAME;x
1446;143;209;159;PROVNAME;x
1447;253;113;193;PROVNAME;x
1448;142;219;186;PROVNAME;x
1449;137;235;209;PROVNAME;x
1450;100;194;235;PROVNAME;x
1451;148;185;202;PROVNAME;x
1452;185;82;237;PROVNAME;x
1453;197;226;126;PROVNAME;x
1454;222;129;155;PROVNAME;x
1455;238;250;199;PROVNAME;x
1456;218;216;203;PROVNAME;x
1457;90;213;218;PROVNAME;x
1458;89;204;225;PROVNAME;x
1459;138;149;247;PROVNAME;x
1460;226;238;108;PROVNAME;x
1461;227;225;63;PROVNAME;x
1462;233;53;248;PROVNAME;x
1463;212;190;141;PROVNAME;x
1464;230;105;216;PROVNAME;x
1465;233;188;164;PROVNAME;x
1466;211;198;237;PROVNAME;x
1467;254;226;41;PROVNAME;x
1468;197;102;247;PROVNAME;x
1469;159;173;211;PROVNAME;x
1470;202;177;227;PROVNAME;x
1471;222;171;254;PROVNAME;x
1472;165;210;168;PROVNAME;x
1473;231;240;163;PROVNAME;x
1474;165;206;133;PROVNAME;x
1475;114;229;183;PROVNAME;x
1476;219;246;226;PROVNAME;x
1477;214;96;242;PROVNAME;x
1478;209;204;168;PROVNAME;x
1479;116;196;199;PROVNAME;x
1480;181;156;172;PROVNAME;x
1481;203;239;110;PROVNAME;x
1482;227;166;250;PROVNAME;x
1483;90;236;215;PROVNAME;x
1484;141;241;164;PROVNAME;x
1485;198;202;122;PROVNAME;x
1486;207;172;249;PROVNAME;x
1487;212;254;126;PROVNAME;x
1488;185;170;229;PROVNAME;x
1489;234;204;250;PROVNAME;x
1490;119;246;221;PROVNAME;x
1491;139;252;192;PROVNAME;x
1492;220;119;243;PROVNAME;x
1493;117;217;191;PROVNAME;x
1494;237;190;239;PROVNAME;x
1495;139;204;214;PROVNAME;x
1496;205;151;161;PROVNAME;x
1497;153;230;132;PROVNAME;x
1498;240;228;180;PROVNAME;x
1499;49;240;229;PROVNAME;x
1500;181;121;251;PROVNAME;x
1501;101;245;182;PROVNAME;x
1502;249;145;226;PROVNAME;x
1503;253;172;162;PROVNAME;x
1504;110;204;196;PROVNAME;x
1505;252;217;218;PROVNAME;x
1506;177;236;225;PROVNAME;x
1507;229;237;126;PROVNAME;x
1508;247;127;174;PROVNAME;x
1509;217;224;242;PROVNAME;x
1510;251;107;156;PROVNAME;x
1511;211;193;113;PROVNAME;x
1512;197;219;248;PROVNAME;x
1513;230;178;248;PROVNAME;x
1514;217;116;203;PROVNAME;x
1515;231;173;115;PROVNAME;x
1516;195;155;188;PROVNAME;x
1517;199;117;225;PROVNAME;x
1518;250;212;91;PROVNAME;x
1519;169;254;87;PROVNAME;x
1520;204;151;203;PROVNAME;x
1521;225;223;158;PROVNAME;x
1522;178;196;254;PROVNAME;x
1523;240;245;184;PROVNAME;x
1524;103;249;244;PROVNAME;x
1525;237;165;142;PROVNAME;x
1526;207;224;205;PROVNAME;x
1527;195;167;254;PROVNAME;x
1528;238;186;105;PROVNAME;x
1529;230;107;246;PROVNAME;x
1530;98;246;186;PROVNAME;x
1531;216;163;134;PROVNAME;x
1532;239;65;207;PROVNAME;x
1533;217;231;222;PROVNAME;x
1534;222;249;172;PROVNAME;x
1535;222;129;157;PROVNAME;x
1536;150;229;209;PROVNAME;x
1537;156;132;233;PROVNAME;x
1538;56;226;250;PROVNAME;x
1539;188;174;139;PROVNAME;x
1540;190;167;227;PROVNAME;x
1541;221;143;230;PROVNAME;x
1542;162;251;207;PROVNAME;x
1543;111;185;235;PROVNAME;x
1544;197;216;236;PROVNAME;x
1545;144;200;170;PROVNAME;x
1546;214;204;241;PROVNAME;x
1547;254;37;226;PROVNAME;x
1548;221;132;169;PROVNAME;x
1549;176;254;126;PROVNAME;x
1550;229;49;252;PROVNAME;x
1551;238;132;176;PROVNAME;x
1552;174;250;119;PROVNAME;x
1553;249;251;112;PROVNAME;x
1554;253;205;250;PROVNAME;x
1555;249;138;162;PROVNAME;x
1556;244;96;195;PROVNAME;x
1557;206;226;190;PROVNAME;x
1558;170;232;240;PROVNAME;x
1559;245;214;111;PROVNAME;x
1560;250;57;216;PROVNAME;x
1561;101;239;202;PROVNAME;x
1562;98;246;198;PROVNAME;x
1563;205;81;244;PROVNAME;x
1564;145;246;151;PROVNAME;x
1565;187;66;250;PROVNAME;x
1566;232;228;168;PROVNAME;x
1567;230;213;114;PROVNAME;x
1568;181;220;195;PROVNAME;x
1569;254;249;60;PROVNAME;x
1570;248;159;157;PROVNAME;x
1571;226;246;47;PROVNAME;x
1572;214;156;245;PROVNAME;x
1573;224;151;219;PROVNAME;x
1574;205;253;164;PROVNAME;x
1575;89;174;248;PROVNAME;x
1576;221;220;137;PROVNAME;x
1577;180;233;121;PROVNAME;x
1578;216;115;236;PROVNAME;x
1579;180;241;202;PROVNAME;x
1580;186;235;80;PROVNAME;x
1581;166;175;237;PROVNAME;x
1582;180;247;109;PROVNAME;x
1583;67;248;252;PROVNAME;x
1584;179;244;218;PROVNAME;x
1585;126;254;186;PROVNAME;x
1586;222;156;208;PROVNAME;x
1587;201;108;225;PROVNAME;x
1588;107;245;212;PROVNAME;x
1589;231;238;41;PROVNAME;x
1590;182;247;154;PROVNAME;x
1591;184;253;243;PROVNAME;x
1592;239;241;29;PROVNAME;x
1593;174;243;251;PROVNAME;x
1594;177;186;202;PROVNAME;x
1595;223;96;239;PROVNAME;x
1596;227;121;212;PROVNAME;x
1597;234;190;183;PROVNAME;x
1598;83;194;237;PROVNAME;x
1599;177;217;239;PROVNAME;x
1600;161;224;150;PROVNAME;x
1601;219;168;251;PROVNAME;x
1602;192;168;188;PROVNAME;x
1603;157;149;200;PROVNAME;x
1604;153;142;218;PROVNAME;x
1605;196;162;253;PROVNAME;x
1606;185;93;226;PROVNAME;x
1607;211;161;165;PROVNAME;x
1608;229;180;245;PROVNAME;x
1609;51;210;245;PROVNAME;x
1610;228;202;135;PROVNAME;x
1611;245;58;242;PROVNAME;x
1612;151;214;143;PROVNAME;x
1613;107;186;249;PROVNAME;x
1614;234;208;112;PROVNAME;x
1615;127;238;160;PROVNAME;x
1616;142;113;247;PROVNAME;x
1617;237;139;239;PROVNAME;x
1618;201;181;139;PROVNAME;x
1619;247;212;196;PROVNAME;x
1620;192;140;175;PROVNAME;x
1621;164;161;224;PROVNAME;x
1622;235;118;180;PROVNAME;x
1623;143;220;181;PROVNAME;x
1624;218;223;151;PROVNAME;x
1625;164;192;163;PROVNAME;x
1626;103;223;188;PROVNAME;x
1627;113;225;197;PROVNAME;x
1628;238;226;60;PROVNAME;x
1629;235;159;139;PROVNAME;x
1630;155;218;243;PROVNAME;x
1631;117;232;221;PROVNAME;x
1632;200;137;243;PROVNAME;x
1633;230;199;85;PROVNAME;x
1634;244;208;137;PROVNAME;x
1635;183;191;177;PROVNAME;x
1636;249;223;98;PROVNAME;x
1637;219;227;197;PROVNAME;x
1638;222;254;168;PROVNAME;x
1639;238;238;220;PROVNAME;x
1640;233;129;195;PROVNAME;x
1641;181;205;222;PROVNAME;x
1642;236;168;115;PROVNAME;x
1643;210;225;140;PROVNAME;x
1644;69;226;242;PROVNAME;x
1645;172;237;216;PROVNAME;x
1646;223;213;187;PROVNAME;x
1647;240;161;222;PROVNAME;x
1648;114;209;184;PROVNAME;x
1649;149;205;174;PROVNAME;x
1650;229;101;173;PROVNAME;x
1651;181;249;130;PROVNAME;x
1652;224;75;243;PROVNAME;x
1653;189;158;210;PROVNAME;x
1654;211;141;211;PROVNAME;x
1655;193;156;167;PROVNAME;x
1656;34;245;251;PROVNAME;x
1657;205;188;215;PROVNAME;x
1658;166;148;242;PROVNAME;x
1659;247;215;51;PROVNAME;x
1660;229;198;95;PROVNAME;x
1661;240;120;218;PROVNAME;x
1662;147;244;201;PROVNAME;x
1663;126;167;221;PROVNAME;x
1664;221;149;181;PROVNAME;x
1665;229;243;248;PROVNAME;x
1666;246;248;104;PROVNAME;x
1667;254;132;200;PROVNAME;x
1668;190;217;113;PROVNAME;x
1669;167;176;245;PROVNAME;x
1670;123;227;168;PROVNAME;x
1671;240;84;222;PROVNAME;x
1672;212;203;177;PROVNAME;x
1673;151;248;195;PROVNAME;x
1674;232;179;236;PROVNAME;x
1675;247;230;74;PROVNAME;x
1676;249;124;224;PROVNAME;x
1677;90;195;254;PROVNAME;x
1678;184;249;194;PROVNAME;x
1679;180;153;241;PROVNAME;x
1680;232;241;146;PROVNAME;x
1681;83;241;249;PROVNAME;x
1682;97;197;237;PROVNAME;x
1683;224;132;154;PROVNAME;x
1684;103;243;200;PROVNAME;x
1685;179;239;104;PROVNAME;x
1686;244;154;254;PROVNAME;x
1687;208;223;231;PROVNAME;x
1688;193;229;139;PROVNAME;x
1689;178;100;245;PROVNAME;x
1690;208;155;195;PROVNAME;x
1691;226;245;146;PROVNAME;x
1692;241;156;132;PROVNAME;x
1693;230;229;83;PROVNAME;x
1694;252;150;222;PROVNAME;x
1695;180;197;196;PROVNAME;x
1696;146;222;183;PROVNAME;x
1697;141;215;245;PROVNAME;x
1698;185;108;224;PROVNAME;x
1699;232;153;168;PROVNAME;x
1700;214;156;136;PROVNAME;x
1701;111;231;188;PROVNAME;x
1702;193;207;211;PROVNAME;x
1703;171;121;224;PROVNAME;x
1704;136;197;192;PROVNAME;x
1705;131;251;246;PROVNAME;x
1706;204;242;71;PROVNAME;x
1707;132;182;220;PROVNAME;x
1708;185;223;118;PROVNAME;x
1709;112;230;239;PROVNAME;x
1710;102;240;160;PROVNAME;x
1711;237;218;196;PROVNAME;x
1712;231;193;245;PROVNAME;x
1713;223;238;77;PROVNAME;x
1714;205;102;198;PROVNAME;x
1715;173;248;129;PROVNAME;x
1716;183;190;149;PROVNAME;x
1717;233;92;251;PROVNAME;x
1718;172;195;238;PROVNAME;x
1719;165;240;120;PROVNAME;x
1720;205;174;143;PROVNAME;x
1721;246;241;168;PROVNAME;x
1722;152;130;253;PROVNAME;x
1723;163;253;219;PROVNAME;x
1724;193;186;175;PROVNAME;x
1725;198;245;142;PROVNAME;x
1726;215;233;58;PROVNAME;x
1727;210;228;114;PROVNAME;x
1728;173;245;240;PROVNAME;x
1729;211;205;174;PROVNAME;x
1730;228;216;67;PROVNAME;x
1731;223;130;195;PROVNAME;x
1732;243;81;208;PROVNAME;x
1733;185;178;199;PROVNAME;x
1734;188;235;115;PROVNAME;x
1735;128;198;236;PROVNAME;x
1736;170;210;170;PROVNAME;x
1737;122;232;192;PROVNAME;x
1738;118;241;245;PROVNAME;x
1739;179;164;251;PROVNAME;x
1740;236;174;115;PROVNAME;x
1741;228;172;146;PROVNAME;x
1742;249;144;108;PROVNAME;x
1743;136;196;192;PROVNAME;x
1744;208;121;200;PROVNAME;x
1745;242;240;80;PROVNAME;x
1746;229;212;102;PROVNAME;x
1747;189;216;96;PROVNAME;x
1748;120;220;209;PROVNAME;x
1749;146;211;145;PROVNAME;x
1750;252;134;235;PROVNAME;x
1751;236;238;72;PROVNAME;x
1752;246;73;204;PROVNAME;x
1753;172;173;176;PROVNAME;x
1754;249;240;151;PROVNAME;x
1755;250;22;247;PROVNAME;x
1756;204;139;164;PROVNAME;x
1757;112;221;233;PROVNAME;x
1758;222;196;131;PROVNAME;x
1759;181;87;237;PROVNAME;x
1760;249;222;131;PROVNAME;x
1761;209;254;102;PROVNAME;x
1762;230;166;253;PROVNAME;x
1763;153;114;250;PROVNAME;x
1764;181;241;83;PROVNAME;x
1765;238;74;208;PROVNAME;x
1766;195;234;112;PROVNAME;x
1767;182;151;183;PROVNAME;x
1768;251;188;165;PROVNAME;x
1769;149;176;176;PROVNAME;x
1770;190;203;135;PROVNAME;x
1771;252;101;204;PROVNAME;x
1772;233;194;109;PROVNAME;x
1773;159;182;186;PROVNAME;x
1774;162;206;217;PROVNAME;x
1775;79;249;184;PROVNAME;x
1776;53;237;227;PROVNAME;x
1777;241;158;190;PROVNAME;x
1778;149;254;145;PROVNAME;x
1779;210;220;191;PROVNAME;x
1780;227;200;252;PROVNAME;x
1781;160;245;223;PROVNAME;x
1782;195;172;239;PROVNAME;x
1783;214;224;228;PROVNAME;x
1784;177;253;252;PROVNAME;x
1785;225;167;220;PROVNAME;x
1786;253;88;211;PROVNAME;x
1787;253;227;213;PROVNAME;x
1788;231;57;220;PROVNAME;x
1789;253;184;164;PROVNAME;x
1790;178;109;252;PROVNAME;x
1791;206;191;226;PROVNAME;x
1792;164;243;207;PROVNAME;x
1793;130;149;247;PROVNAME;x
1794;130;200;250;PROVNAME;x
1795;197;172;149;PROVNAME;x
1796;153;212;223;PROVNAME;x
1797;231;187;111;PROVNAME;x
1798;238;236;113;PROVNAME;x
1799;242;179;161;PROVNAME;x
1800;177;130;205;PROVNAME;x
1801;155;226;132;PROVNAME;x
1802;164;103;249;PROVNAME;x
1803;240;118;228;PROVNAME;x
1804;226;253;184;PROVNAME;x
1805;171;201;193;PROVNAME;x
1806;248;95;183;PROVNAME;x
1807;240;157;238;PROVNAME;x
1808;206;236;233;PROVNAME;x
1809;237;178;247;PROVNAME;x
1810;125;187;214;PROVNAME;x
1811;191;120;246;PROVNAME;x
1812;241;246;184;PROVNAME;x
1813;245;244;232;PROVNAME;x
1814;228;133;195;PROVNAME;x
1815;178;155;247;PROVNAME;x
1816;73;211;220;PROVNAME;x
1817;203;67;249;PROVNAME;x
1818;239;143;240;PROVNAME;x
1819;208;163;163;PROVNAME;x
1820;172;214;238;PROVNAME;x
1821;250;128;176;PROVNAME;x
1822;243;170;230;PROVNAME;x
1823;253;197;129;PROVNAME;x
1824;227;217;152;PROVNAME;x
1825;188;231;153;PROVNAME;x
1826;192;246;63;PROVNAME;x
1827;164;250;166;PROVNAME;x
1828;143;254;180;PROVNAME;x
1829;237;251;239;PROVNAME;x
1830;239;132;160;PROVNAME;x
1831;184;227;137;PROVNAME;x
1832;253;102;182;PROVNAME;x
1833;124;249;157;PROVNAME;x
1834;253;80;192;PROVNAME;x
1835;138;210;187;PROVNAME;x
1836;208;164;157;PROVNAME;x
1837;135;216;157;PROVNAME;x
1838;248;195;175;PROVNAME;x
1839;56;225;223;PROVNAME;x
1840;233;152;182;PROVNAME;x
1841;238;115;182;PROVNAME;x
1842;115;218;203;PROVNAME;x
1843;184;249;118;PROVNAME;x
1844;105;249;245;PROVNAME;x
1845;203;177;172;PROVNAME;x
1846;178;226;131;PROVNAME;x
1847;146;190;249;PROVNAME;x
1848;198;233;185;PROVNAME;x
1849;159;226;161;PROVNAME;x
1850;236;122;183;PROVNAME;x
1851;178;208;195;PROVNAME;x
1852;224;237;112;PROVNAME;x
1853;105;233;236;PROVNAME;x
1854;236;42;248;PROVNAME;x
1855;159;254;179;PROVNAME;x
1856;208;110;223;PROVNAME;x
1857;219;165;156;PROVNAME;x
1858;173;217;130;PROVNAME;x
1859;202;79;253;PROVNAME;x
1860;253;137;121;PROVNAME;x
1861;53;208;243;PROVNAME;x
1862;229;199;167;PROVNAME;x
1863;81;250;225;PROVNAME;x
1864;203;116;198;PROVNAME;x
1865;169;197;237;PROVNAME;x
1866;248;182;117;PROVNAME;x
1867;94;192;217;PROVNAME;x
1868;244;25;247;PROVNAME;x
1869;89;231;220;PROVNAME;x
1870;120;209;230;PROVNAME;x
1871;215;108;200;PROVNAME;x
1872;192;134;251;PROVNAME;x
1873;227;155;174;PROVNAME;x
1874;140;209;169;PROVNAME;x
1875;208;176;173;PROVNAME;x
1876;226;202;228;PROVNAME;x
1877;220;216;156;PROVNAME;x
1878;139;160;215;PROVNAME;x
1879;112;243;147;PROVNAME;x
1880;205;145;190;PROVNAME;x
1881;238;244;179;PROVNAME;x
1882;121;243;238;PROVNAME;x
1883;217;218;240;PROVNAME;x
1884;166;176;232;PROVNAME;x
1885;209;120;218;PROVNAME;x
1886;239;254;49;PROVNAME;x
1887;226;125;183;PROVNAME;x
1888;219;239;120;PROVNAME;x
1889;217;121;183;PROVNAME;x
1890;229;50;237;PROVNAME;x
1891;235;201;65;PROVNAME;x
1892;215;184;232;PROVNAME;x
1893;206;171;214;PROVNAME;x
1894;124;219;236;PROVNAME;x
1895;221;199;145;PROVNAME;x
1896;250;237;224;PROVNAME;x
1897;209;229;97;PROVNAME;x
1898;190;150;220;PROVNAME;x
1899;241;69;251;PROVNAME;x
1900;233;121;235;PROVNAME;x
1901;165;206;231;PROVNAME;x
1902;103;209;234;PROVNAME;x
1903;247;241;74;PROVNAME;x
1904;238;232;225;PROVNAME;x
1905;155;147;227;PROVNAME;x
1906;232;238;97;PROVNAME;x
1907;212;132;184;PROVNAME;x
1908;178;172;172;PROVNAME;x
1909;45;234;239;PROVNAME;x
1910;189;194;210;PROVNAME;x
1911;69;181;254;PROVNAME;x
1912;180;254;184;PROVNAME;x
1913;253;142;240;PROVNAME;x
1914;180;184;224;PROVNAME;x
1915;226;119;190;PROVNAME;x
1916;208;194;135;PROVNAME;x
1917;193;236;94;PROVNAME;x
1918;211;167;221;PROVNAME;x
1919;179;229;211;PROVNAME;x
1920;196;253;242;PROVNAME;x
1921;245;219;160;PROVNAME;x
1922;167;233;248;PROVNAME;x
1923;162;201;176;PROVNAME;x
1924;215;201;134;PROVNAME;x
1925;38;25;12;PROVNAME;x
1926;60;9;3;PROVNAME;x
1927;13;4;56;PROVNAME;x
1928;29;11;26;PROVNAME;x
1929;28;46;10;PROVNAME;x
1930;13;44;10;PROVNAME;x
1931;26;5;42;PROVNAME;x
1932;29;17;37;PROVNAME;x
1933;9;6;66;PROVNAME;x
1934;52;8;22;PROVNAME;x
1935;28;9;16;PROVNAME;x
1936;10;65;22;PROVNAME;x
1937;73;12;4;PROVNAME;x
1938;63;3;25;PROVNAME;x
1939;20;37;7;PROVNAME;x
1940;21;7;28;PROVNAME;x
1941;22;9;35;PROVNAME;x
1942;6;7;19;PROVNAME;x
1943;29;1;11;PROVNAME;x
1944;54;30;2;PROVNAME;x
1945;22;40;9;PROVNAME;x
1946;19;14;55;PROVNAME;x
1947;0;66;24;PROVNAME;x
1948;16;73;9;PROVNAME;x
1949;36;23;13;PROVNAME;x
1950;32;12;39;PROVNAME;x
1951;65;8;26;PROVNAME;x
1952;42;15;26;PROVNAME;x
1953;35;10;49;PROVNAME;x
1954;30;0;39;PROVNAME;x
1955;82;16;1;PROVNAME;x
1956;22;3;60;PROVNAME;x
1957;6;24;31;PROVNAME;x
1958;29;41;3;PROVNAME;x
1959;15;12;24;PROVNAME;x
1960;37;15;30;PROVNAME;x
1961;19;36;44;PROVNAME;x
1962;39;44;11;PROVNAME;x
1963;16;2;14;PROVNAME;x
1964;22;10;65;PROVNAME;x
1965;57;17;17;PROVNAME;x
1966;13;4;80;PROVNAME;x
1967;13;6;76;PROVNAME;x
1968;10;38;32;PROVNAME;x
1969;13;29;43;PROVNAME;x
1970;31;12;24;PROVNAME;x
1971;34;34;31;PROVNAME;x
1972;26;22;12;PROVNAME;x
1973;60;14;0;PROVNAME;x
1974;5;73;21;PROVNAME;x
1975;30;24;17;PROVNAME;x
1976;34;40;6;PROVNAME;x
1977;66;17;8;PROVNAME;x
1978;0;4;46;PROVNAME;x
1979;15;5;2;PROVNAME;x
1980;13;61;9;PROVNAME;x
1981;5;33;16;PROVNAME;x
1982;1;85;12;PROVNAME;x
1983;65;23;1;PROVNAME;x
1984;27;14;38;PROVNAME;x
1985;52;33;4;PROVNAME;x
1986;30;33;1;PROVNAME;x
1987;24;0;57;PROVNAME;x
1988;32;13;21;PROVNAME;x
1989;48;18;4;PROVNAME;x
1990;21;11;46;PROVNAME;x
1991;24;52;8;PROVNAME;x
1992;37;24;8;PROVNAME;x
1993;2;29;46;PROVNAME;x
1994;13;56;20;PROVNAME;x
1995;29;12;21;PROVNAME;x
1996;1;4;74;PROVNAME;x
1997;12;21;7;PROVNAME;x
1998;23;17;51;PROVNAME;x
1999;7;40;8;PROVNAME;x
2000;14;42;24;PROVNAME;x
2001;24;27;29;PROVNAME;x
2002;31;18;0;PROVNAME;x
2003;11;2;11;PROVNAME;x
2004;15;38;23;PROVNAME;x
2005;45;11;23;PROVNAME;x
2006;30;51;10;PROVNAME;x
2007;5;17;75;PROVNAME;x
2008;12;52;27;PROVNAME;x
2009;9;40;1;PROVNAME;x
2010;20;32;38;PROVNAME;x
2011;20;51;2;PROVNAME;x
2012;10;59;30;PROVNAME;x
2013;36;54;2;PROVNAME;x
2014;47;8;32;PROVNAME;x
2015;3;52;29;PROVNAME;x
2016;5;20;65;PROVNAME;x
2017;12;18;46;PROVNAME;x
2018;0;13;11;PROVNAME;x
2019;30;8;55;PROVNAME;x
2020;15;23;39;PROVNAME;x
2021;26;3;12;PROVNAME;x
2022;19;39;37;PROVNAME;x
2023;2;9;50;PROVNAME;x
2024;4;44;42;PROVNAME;x
2025;1;13;33;PROVNAME;x
2026;7;48;40;PROVNAME;x
2027;5;39;5;PROVNAME;x
2028;4;16;35;PROVNAME;x
2029;15;59;23;PROVNAME;x
2030;6;2;2;PROVNAME;x
2031;45;23;29;PROVNAME;x
2032;67;20;8;PROVNAME;x
2033;3;37;44;PROVNAME;x
2034;12;7;21;PROVNAME;x
2035;13;1;81;PROVNAME;x
2036;20;23;31;PROVNAME;x
2037;40;25;6;PROVNAME;x
2038;33;44;9;PROVNAME;x
2039;21;5;68;PROVNAME;x
2040;46;10;17;PROVNAME;x
2041;6;35;36;PROVNAME;x
2042;47;15;36;PROVNAME;x
2043;58;2;20;PROVNAME;x
2044;3;44;31;PROVNAME;x
2045;4;20;45;PROVNAME;x
2046;40;42;14;PROVNAME;x
2047;28;18;18;PROVNAME;x
2048;26;28;25;PROVNAME;x
2049;60;1;17;PROVNAME;x
2050;20;45;26;PROVNAME;x
2051;11;77;9;PROVNAME;x
2052;42;22;8;PROVNAME;x
2053;8;4;15;PROVNAME;x
2054;11;33;15;PROVNAME;x
2055;8;12;29;PROVNAME;x
2056;17;6;0;PROVNAME;x
2057;40;26;24;PROVNAME;x
2058;25;38;31;PROVNAME;x
2059;21;32;11;PROVNAME;x
2060;7;7;71;PROVNAME;x
2061;33;20;16;PROVNAME;x
2062;2;80;4;PROVNAME;x
2063;18;71;0;PROVNAME;x
2064;7;65;25;PROVNAME;x
2065;11;40;42;PROVNAME;x
2066;22;0;65;PROVNAME;x
2067;27;20;51;PROVNAME;x
2068;4;43;38;PROVNAME;x
2069;35;32;16;PROVNAME;x
2070;49;23;18;PROVNAME;x
2071;17;20;54;PROVNAME;x
2072;21;41;27;PROVNAME;x
2073;1;23;44;PROVNAME;x
2074;27;20;16;PROVNAME;x
2075;11;69;15;PROVNAME;x
2076;20;2;57;PROVNAME;x
2077;41;39;14;PROVNAME;x
2078;55;9;26;PROVNAME;x
2079;10;12;17;PROVNAME;x
2080;13;48;15;PROVNAME;x
2081;27;22;26;PROVNAME;x
2082;16;21;42;PROVNAME;x
2083;90;4;3;PROVNAME;x
2084;63;12;24;PROVNAME;x
2085;6;36;17;PROVNAME;x
2086;21;13;28;PROVNAME;x
2087;4;43;39;PROVNAME;x
2088;48;21;1;PROVNAME;x
2089;48;16;19;PROVNAME;x
2090;18;54;27;PROVNAME;x
2091;34;31;20;PROVNAME;x
2092;90;3;2;PROVNAME;x
2093;76;19;4;PROVNAME;x
2094;8;82;7;PROVNAME;x
2095;68;5;10;PROVNAME;x
2096;46;11;32;PROVNAME;x
2097;7;6;13;PROVNAME;x
2098;19;28;17;PROVNAME;x
2099;24;54;16;PROVNAME;x
2100;1;35;19;PROVNAME;x
2101;5;6;22;PROVNAME;x
2102;20;19;12;PROVNAME;x
2103;2;17;39;PROVNAME;x
2104;64;4;16;PROVNAME;x
2105;60;28;7;PROVNAME;x
2106;44;29;24;PROVNAME;x
2107;16;12;33;PROVNAME;x
2108;18;45;18;PROVNAME;x
2109;22;56;8;PROVNAME;x
2110;77;1;14;PROVNAME;x
2111;24;28;18;PROVNAME;x
2112;18;7;51;PROVNAME;x
2113;53;1;15;PROVNAME;x
2114;3;67;5;PROVNAME;x
2115;10;17;29;PROVNAME;x
2116;33;34;7;PROVNAME;x
2117;48;21;3;PROVNAME;x
2118;6;67;2;PROVNAME;x
2119;22;57;5;PROVNAME;x
2120;27;11;43;PROVNAME;x
2121;9;7;33;PROVNAME;x
2122;8;36;16;PROVNAME;x
2123;7;41;19;PROVNAME;x
2124;52;41;3;PROVNAME;x
2125;65;16;10;PROVNAME;x
2126;47;5;28;PROVNAME;x
2127;25;2;13;PROVNAME;x
2128;44;22;22;PROVNAME;x
2129;33;4;5;PROVNAME;x
2130;11;59;12;PROVNAME;x
2131;19;29;12;PROVNAME;x
2132;61;1;3;PROVNAME;x
2133;24;10;64;PROVNAME;x
2134;23;6;18;PROVNAME;x
2135;27;22;16;PROVNAME;x
2136;49;16;1;PROVNAME;x
2137;41;2;56;PROVNAME;x
2138;37;29;3;PROVNAME;x
2139;56;3;39;PROVNAME;x
2140;26;3;55;PROVNAME;x
2141;5;19;57;PROVNAME;x
2142;43;43;2;PROVNAME;x
2143;15;25;30;PROVNAME;x
2144;33;24;12;PROVNAME;x
2145;16;1;22;PROVNAME;x
2146;33;39;12;PROVNAME;x
2147;1;33;45;PROVNAME;x
2148;21;5;15;PROVNAME;x
2149;14;56;18;PROVNAME;x
2150;60;24;12;PROVNAME;x
2151;30;31;1;PROVNAME;x
2152;52;13;24;PROVNAME;x
2153;1;3;91;PROVNAME;x
2154;53;22;11;PROVNAME;x
2155;54;7;27;PROVNAME;x
2156;51;34;10;PROVNAME;x
2157;29;62;7;PROVNAME;x
2158;16;15;7;PROVNAME;x
2159;6;53;37;PROVNAME;x
2160;4;61;19;PROVNAME;x
2161;49;1;18;PROVNAME;x
2162;13;15;49;PROVNAME;x
2163;31;48;9;PROVNAME;x
2164;6;16;0;PROVNAME;x
2165;16;17;34;PROVNAME;x
2166;29;27;35;PROVNAME;x
2167;25;65;6;PROVNAME;x
2168;1;48;16;PROVNAME;x
2169;19;31;28;PROVNAME;x
2170;26;23;47;PROVNAME;x
2171;8;21;61;PROVNAME;x
2172;33;11;6;PROVNAME;x
2173;14;25;30;PROVNAME;x
2174;10;27;57;PROVNAME;x
2175;21;0;48;PROVNAME;x
2176;7;7;48;PROVNAME;x
2177;9;51;13;PROVNAME;x
2178;79;1;4;PROVNAME;x
2179;35;9;39;PROVNAME;x
2180;38;3;46;PROVNAME;x
2181;9;69;7;PROVNAME;x
2182;44;19;26;PROVNAME;x
2183;7;1;77;PROVNAME;x
2184;66;22;8;PROVNAME;x
2185;32;10;13;PROVNAME;x
2186;27;16;11;PROVNAME;x
2187;13;9;0;PROVNAME;x
2188;28;5;7;PROVNAME;x
2189;77;21;1;PROVNAME;x
2190;40;26;14;PROVNAME;x
2191;8;72;11;PROVNAME;x
2192;15;42;27;PROVNAME;x
2193;21;67;6;PROVNAME;x
2194;11;75;13;PROVNAME;x
2195;27;38;10;PROVNAME;x
2196;3;14;7;PROVNAME;x
2197;15;56;22;PROVNAME;x
2198;14;1;24;PROVNAME;x
2199;35;9;29;PROVNAME;x
2200;74;7;4;PROVNAME;x
2201;28;39;15;PROVNAME;x
2202;8;17;15;PROVNAME;x
2203;6;11;17;PROVNAME;x
2204;27;44;17;PROVNAME;x
2205;40;8;4;PROVNAME;x
2206;29;47;1;PROVNAME;x
2207;21;5;54;PROVNAME;x
2208;9;32;43;PROVNAME;x
2209;17;57;7;PROVNAME;x
2210;56;25;13;PROVNAME;x
2211;3;40;37;PROVNAME;x
2212;38;24;5;PROVNAME;x
2213;43;27;0;PROVNAME;x
2214;10;54;29;PROVNAME;x
2215;22;65;0;PROVNAME;x
2216;19;55;22;PROVNAME;x
2217;27;10;16;PROVNAME;x
2218;42;20;33;PROVNAME;x
2219;4;7;72;PROVNAME;x
2220;29;37;23;PROVNAME;x
2221;6;25;64;PROVNAME;x
2222;4;23;50;PROVNAME;x
2223;14;24;54;PROVNAME;x
2224;14;1;17;PROVNAME;x
2225;27;24;38;PROVNAME;x
2226;4;27;36;PROVNAME;x
2227;37;4;30;PROVNAME;x
2228;23;16;43;PROVNAME;x
2229;20;11;14;PROVNAME;x
2230;18;3;55;PROVNAME;x
2231;10;57;6;PROVNAME;x
2232;26;39;20;PROVNAME;x
2233;34;8;11;PROVNAME;x
2234;65;24;3;PROVNAME;x
2235;17;8;49;PROVNAME;x
2236;17;8;32;PROVNAME;x
2237;4;34;46;PROVNAME;x
2238;39;8;8;PROVNAME;x
2239;25;9;58;PROVNAME;x
2240;30;38;30;PROVNAME;x
2241;1;5;86;PROVNAME;x
2242;7;4;38;PROVNAME;x
2243;17;7;48;PROVNAME;x
2244;2;43;41;PROVNAME;x
2245;3;35;44;PROVNAME;x
2246;0;55;29;PROVNAME;x
2247;2;51;38;PROVNAME;x
2248;9;42;19;PROVNAME;x
2249;43;16;1;PROVNAME;x
2250;51;30;11;PROVNAME;x
2251;59;4;15;PROVNAME;x
2252;76;2;2;PROVNAME;x
2253;30;33;33;PROVNAME;x
2254;3;70;21;PROVNAME;x
2255;34;28;29;PROVNAME;x
2256;12;1;53;PROVNAME;x
2257;25;39;0;PROVNAME;x
2258;16;14;46;PROVNAME;x
2259;25;3;38;PROVNAME;x
2260;14;26;30;PROVNAME;x
2261;27;12;34;PROVNAME;x
2262;53;18;23;PROVNAME;x
2263;45;32;19;PROVNAME;x
2264;3;41;2;PROVNAME;x
2265;1;33;30;PROVNAME;x
2266;33;8;20;PROVNAME;x
2267;30;14;48;PROVNAME;x
2268;11;3;70;PROVNAME;x
2269;8;31;50;PROVNAME;x
2270;56;20;10;PROVNAME;x
2271;34;2;23;PROVNAME;x
2272;45;26;0;PROVNAME;x
2273;68;12;3;PROVNAME;x
2274;56;21;5;PROVNAME;x
2275;42;15;27;PROVNAME;x
2276;37;4;6;PROVNAME;x
2277;15;31;52;PROVNAME;x
2278;74;19;5;PROVNAME;x
2279;47;5;29;PROVNAME;x
2280;2;14;49;PROVNAME;x
2281;20;0;5;PROVNAME;x
2282;67;12;12;PROVNAME;x
2283;12;0;56;PROVNAME;x
2284;1;86;10;PROVNAME;x
2285;16;30;18;PROVNAME;x
2286;77;9;0;PROVNAME;x
2287;15;12;6;PROVNAME;x
2288;8;13;44;PROVNAME;x
2289;52;3;30;PROVNAME;x
2290;36;27;26;PROVNAME;x
2291;43;27;8;PROVNAME;x
2292;11;2;33;PROVNAME;x
2293;7;11;45;PROVNAME;x
2294;7;3;52;PROVNAME;x
2295;58;20;15;PROVNAME;x
2296;12;34;13;PROVNAME;x
2297;11;31;12;PROVNAME;x
2298;1;6;0;PROVNAME;x
2299;33;9;54;PROVNAME;x
2300;15;49;34;PROVNAME;x
2301;7;3;84;PROVNAME;x
2302;63;25;11;PROVNAME;x
2303;16;21;51;PROVNAME;x
2304;28;9;42;PROVNAME;x
2305;4;37;6;PROVNAME;x
2306;3;69;15;PROVNAME;x
2307;14;46;3;PROVNAME;x
2308;54;22;21;PROVNAME;x
2309;41;13;17;PROVNAME;x
2310;3;5;60;PROVNAME;x
2311;7;58;21;PROVNAME;x
2312;32;8;0;PROVNAME;x
2313;0;10;89;PROVNAME;x
2314;0;18;78;PROVNAME;x
2315;52;8;10;PROVNAME;x
2316;14;12;57;PROVNAME;x
2317;13;34;17;PROVNAME;x
2318;15;25;12;PROVNAME;x
2319;6;85;8;PROVNAME;x
2320;14;56;13;PROVNAME;x
2321;38;24;36;PROVNAME;x
2322;25;25;44;PROVNAME;x
2323;43;20;14;PROVNAME;x
2324;26;40;19;PROVNAME;x
2325;15;9;32;PROVNAME;x
